model,chisq,df,pval,decision
m1_deaths,4.014355393222116,2,0.1343673654982397,Retain H0
m2_deaths,7.407748925355827,2,0.024627921418463903,Reject H0
m1_hosp,0.33501797015363155,2,0.8457690179551092,Retain H0
m2_hosp,0.7145622502314033,2,0.6995758017596053,Retain H0
